﻿{"frames": {

"flare10000":
{
	"frame": {"x":1,"y":1,"w":73,"h":73},
	"rotated": false,
	"trimmed": false,
	"spriteSourceSize": {"x":0,"y":0,"w":73,"h":73},
	"sourceSize": {"w":73,"h":73}
},
"flare20000":
{
	"frame": {"x":1,"y":75,"w":73,"h":73},
	"rotated": false,
	"trimmed": false,
	"spriteSourceSize": {"x":0,"y":0,"w":73,"h":73},
	"sourceSize": {"w":73,"h":73}
},
"flare30000":
{
	"frame": {"x":1,"y":149,"w":73,"h":73},
	"rotated": false,
	"trimmed": false,
	"spriteSourceSize": {"x":0,"y":0,"w":73,"h":73},
	"sourceSize": {"w":73,"h":73}
}},
"meta": {
	"app": "Adobe Animate",
	"version": "19.2.1.408",
	"image": "flares.png",
	"format": "RGBA8888",
	"size": {"w":128,"h":256},
	"scale": "1"
}
}
