﻿{"frames": {

"firing instancia 10000":
{
	"frame": {"x":1,"y":1,"w":91,"h":103},
	"rotated": false,
	"trimmed": false,
	"spriteSourceSize": {"x":0,"y":0,"w":91,"h":103},
	"sourceSize": {"w":91,"h":103}
},
"firing instancia 10001":
{
	"frame": {"x":93,"y":1,"w":91,"h":103},
	"rotated": false,
	"trimmed": false,
	"spriteSourceSize": {"x":0,"y":0,"w":91,"h":103},
	"sourceSize": {"w":91,"h":103}
},
"firing instancia 10002":
{
	"frame": {"x":185,"y":1,"w":91,"h":103},
	"rotated": false,
	"trimmed": false,
	"spriteSourceSize": {"x":0,"y":0,"w":91,"h":103},
	"sourceSize": {"w":91,"h":103}
},
"hurt0000":
{
	"frame": {"x":277,"y":1,"w":91,"h":103},
	"rotated": false,
	"trimmed": false,
	"spriteSourceSize": {"x":0,"y":0,"w":91,"h":103},
	"sourceSize": {"w":91,"h":103}
},
"hurt0001":
{
	"frame": {"x":369,"y":1,"w":91,"h":103},
	"rotated": false,
	"trimmed": false,
	"spriteSourceSize": {"x":0,"y":0,"w":91,"h":103},
	"sourceSize": {"w":91,"h":103}
},
"hurt0002":
{
	"frame": {"x":461,"y":1,"w":91,"h":103},
	"rotated": false,
	"trimmed": false,
	"spriteSourceSize": {"x":0,"y":0,"w":91,"h":103},
	"sourceSize": {"w":91,"h":103}
},
"idlePlayer instancia 10000":
{
	"frame": {"x":553,"y":1,"w":91,"h":101},
	"rotated": false,
	"trimmed": false,
	"spriteSourceSize": {"x":0,"y":0,"w":91,"h":101},
	"sourceSize": {"w":91,"h":101}
},
"idlePlayer instancia 10001":
{
	"frame": {"x":645,"y":1,"w":91,"h":101},
	"rotated": false,
	"trimmed": false,
	"spriteSourceSize": {"x":0,"y":0,"w":91,"h":101},
	"sourceSize": {"w":91,"h":101}
},
"idlePlayer instancia 10002":
{
	"frame": {"x":737,"y":1,"w":91,"h":101},
	"rotated": false,
	"trimmed": false,
	"spriteSourceSize": {"x":0,"y":0,"w":91,"h":101},
	"sourceSize": {"w":91,"h":101}
},
"kraken instancia 10000":
{
	"frame": {"x":1,"y":105,"w":346,"h":322},
	"rotated": false,
	"trimmed": false,
	"spriteSourceSize": {"x":0,"y":0,"w":346,"h":322},
	"sourceSize": {"w":346,"h":322}
},
"kraken instancia 10001":
{
	"frame": {"x":348,"y":105,"w":346,"h":322},
	"rotated": false,
	"trimmed": false,
	"spriteSourceSize": {"x":0,"y":0,"w":346,"h":322},
	"sourceSize": {"w":346,"h":322}
},
"kraken instancia 10002":
{
	"frame": {"x":1,"y":428,"w":346,"h":322},
	"rotated": false,
	"trimmed": false,
	"spriteSourceSize": {"x":0,"y":0,"w":346,"h":322},
	"sourceSize": {"w":346,"h":322}
}},
"meta": {
	"app": "Adobe Animate",
	"version": "19.2.1.408",
	"image": "OktokrakenPlayer.png",
	"format": "RGBA8888",
	"size": {"w":1024,"h":1024},
	"scale": "1"
}
}
