﻿{"frames": {

"firing instancia 10000":
{
	"frame": {"x":1,"y":1,"w":91,"h":103},
	"rotated": false,
	"trimmed": false,
	"spriteSourceSize": {"x":0,"y":0,"w":91,"h":103},
	"sourceSize": {"w":91,"h":103}
},
"firing instancia 10001":
{
	"frame": {"x":93,"y":1,"w":91,"h":103},
	"rotated": false,
	"trimmed": false,
	"spriteSourceSize": {"x":0,"y":0,"w":91,"h":103},
	"sourceSize": {"w":91,"h":103}
},
"firing instancia 10002":
{
	"frame": {"x":185,"y":1,"w":91,"h":103},
	"rotated": false,
	"trimmed": false,
	"spriteSourceSize": {"x":0,"y":0,"w":91,"h":103},
	"sourceSize": {"w":91,"h":103}
},
"hurt0000":
{
	"frame": {"x":277,"y":1,"w":91,"h":103},
	"rotated": false,
	"trimmed": false,
	"spriteSourceSize": {"x":0,"y":0,"w":91,"h":103},
	"sourceSize": {"w":91,"h":103}
},
"hurt0001":
{
	"frame": {"x":369,"y":1,"w":91,"h":103},
	"rotated": false,
	"trimmed": false,
	"spriteSourceSize": {"x":0,"y":0,"w":91,"h":103},
	"sourceSize": {"w":91,"h":103}
},
"hurt0002":
{
	"frame": {"x":1,"y":105,"w":91,"h":103},
	"rotated": false,
	"trimmed": false,
	"spriteSourceSize": {"x":0,"y":0,"w":91,"h":103},
	"sourceSize": {"w":91,"h":103}
},
"idlePlayer instancia 10000":
{
	"frame": {"x":93,"y":105,"w":91,"h":101},
	"rotated": false,
	"trimmed": false,
	"spriteSourceSize": {"x":0,"y":0,"w":91,"h":101},
	"sourceSize": {"w":91,"h":101}
},
"idlePlayer instancia 10001":
{
	"frame": {"x":185,"y":105,"w":91,"h":101},
	"rotated": false,
	"trimmed": false,
	"spriteSourceSize": {"x":0,"y":0,"w":91,"h":101},
	"sourceSize": {"w":91,"h":101}
},
"idlePlayer instancia 10002":
{
	"frame": {"x":277,"y":105,"w":91,"h":101},
	"rotated": false,
	"trimmed": false,
	"spriteSourceSize": {"x":0,"y":0,"w":91,"h":101},
	"sourceSize": {"w":91,"h":101}
},
"kraken instancia 10000":
{
	"frame": {"x":1,"y":209,"w":504,"h":471},
	"rotated": false,
	"trimmed": false,
	"spriteSourceSize": {"x":0,"y":0,"w":504,"h":471},
	"sourceSize": {"w":504,"h":471}
},
"kraken instancia 10001":
{
	"frame": {"x":1,"y":681,"w":504,"h":471},
	"rotated": false,
	"trimmed": false,
	"spriteSourceSize": {"x":0,"y":0,"w":504,"h":471},
	"sourceSize": {"w":504,"h":471}
},
"kraken instancia 10002":
{
	"frame": {"x":1,"y":1153,"w":504,"h":471},
	"rotated": false,
	"trimmed": false,
	"spriteSourceSize": {"x":0,"y":0,"w":504,"h":471},
	"sourceSize": {"w":504,"h":471}
}},
"meta": {
	"app": "Adobe Animate",
	"version": "19.2.1.408",
	"image": "OktokrakenPlayer.png",
	"format": "RGBA8888",
	"size": {"w":512,"h":2048},
	"scale": "1"
}
}
