{
    "section1": {
        "files": [
            {
                "url": "assets/alertHalo.png",
                "type": "image",
                "key": "alertHalo"
            },
            {
                "url": "assets/alertStripe.png",
                "type": "image",
                "key": "alertStripe"
            },
            {
                "url": "assets/background.png",
                "type": "image",
                "key": "background"
            },
            {
                "url": "assets/backgroundKraken.png",
                "type": "image",
                "key": "backgroundKraken"
            },
            {
                "url": "assets/berenjeBomba.png",
                "type": "image",
                "key": "berenjeBomba"
            },
            {
                "url": "assets/BerenjeBombBtn.png",
                "type": "image",
                "key": "BerenjeBombBtn"
            },
            {
                "atlasURL": "assets/atlas/berenjeBtn.json",
                "textureURL": "assets/atlas/berenjeBtn.png",
                "type": "atlas",
                "key": "berenjeBtn"
            },
            {
                "url": "assets/berenjenaBullet.png",
                "type": "image",
                "key": "berenjenaBullet"
            },
            {
                "url": [
                    "src/prefabs/BerenjenaBullet.js"
                ],
                "type": "scripts",
                "key": "BerenjenaBullet"
            },
            {
                "url": "src/prefabs/BombBtn.js",
                "type": "script",
                "key": "BombBtn"
            },
            {
                "url": [
                    "assets/audio/music/bossfight01.mp3"
                ],
                "type": "audio",
                "key": "bossfight01"
            },
            {
                "url": "assets/brazoPulpo.png",
                "type": "image",
                "key": "brazoPulpo"
            },
            {
                "url": "src/prefabs/BrazoPulpo.js",
                "type": "script",
                "key": "BrazoPulpo"
            },
            {
                "url": "assets/dalePato.png",
                "type": "image",
                "key": "dalePato"
            },
            {
                "url": [
                    "assets/audio/sfx/dm_alert1.mp3"
                ],
                "type": "audio",
                "key": "dm_alert1"
            },
            {
                "url": [
                    "assets/audio/sfx/enemy_destroy.mp3"
                ],
                "type": "audio",
                "key": "enemy_destroy"
            },
            {
                "url": [
                    "assets/audio/sfx/enemy_destroy2.mp3"
                ],
                "type": "audio",
                "key": "enemy_destroy2"
            },
            {
                "url": "assets/enemy1.png",
                "type": "image",
                "key": "enemy1"
            },
            {
                "url": [
                    "src/prefabs/Enemy1.js"
                ],
                "type": "scripts",
                "key": "Enemy1"
            },
            {
                "url": "assets/enemy2.png",
                "type": "image",
                "key": "enemy2"
            },
            {
                "url": [
                    "src/prefabs/Enemy2.js"
                ],
                "type": "scripts",
                "key": "Enemy2"
            },
            {
                "url": "assets/enemy3.png",
                "type": "image",
                "key": "enemy3"
            },
            {
                "url": [
                    "src/prefabs/Enemy3.js"
                ],
                "type": "scripts",
                "key": "Enemy3"
            },
            {
                "url": [
                    "src/prefabs/Enemy4.js"
                ],
                "type": "scripts",
                "key": "Enemy4"
            },
            {
                "url": [
                    "src/prefabs/Enemy5.js"
                ],
                "type": "scripts",
                "key": "Enemy5"
            },
            {
                "atlasURL": "assets/atlas/explodeFinal.json",
                "textureURL": "assets/atlas/explodeFinal.png",
                "type": "atlas",
                "key": "explodeFinal"
            },
            {
                "atlasURL": "assets/atlas/explosion.json",
                "textureURL": "assets/atlas/explosion.png",
                "type": "atlas",
                "key": "explosion"
            },
            {
                "url": "assets/animations/explosion1.json",
                "type": "animation",
                "key": "explosion1"
            },
            {
                "url": "assets/Explotion.png",
                "type": "image",
                "key": "Explotion"
            },
            {
                "atlasURL": "assets/atlas/explotion2.json",
                "textureURL": "assets/atlas/explotion2.png",
                "type": "atlas",
                "key": "explotion2"
            },
            {
                "url": "src/prefabs/FinalExplotion.js",
                "type": "script",
                "key": "FinalExplotion"
            },
            {
                "atlasURL": "assets/animations/fireworks.json",
                "textureURL": "assets/animations/fireworks.png",
                "type": "atlas",
                "key": "fireworks"
            },
            {
                "url": "src/prefabs/Fireworks.js",
                "type": "script",
                "key": "Fireworks"
            },
            {
                "atlasURL": "assets/atlas/flares.json",
                "textureURL": "assets/atlas/flares.png",
                "type": "atlas",
                "key": "flares"
            },
            {
                "url": [
                    "src/prefabs/GameOverAnimation.js"
                ],
                "type": "scripts",
                "key": "GameOverAnimation"
            },
            {
                "url": "assets/ganasteLabel.png",
                "type": "image",
                "key": "ganasteLabel"
            },
            {
                "url": [
                    "src/prefabs/Heart.js"
                ],
                "type": "scripts",
                "key": "Heart"
            },
            {
                "url": "src/scenes/Historia.js",
                "type": "sceneFile",
                "key": "Historia"
            },
            {
                "url": "assets/historyBg1.png",
                "type": "image",
                "key": "historyBg1"
            },
            {
                "url": "assets/historyBg3.png",
                "type": "image",
                "key": "historyBg3"
            },
            {
                "url": [
                    "src/prefabs/HitAnimation.js"
                ],
                "type": "scripts",
                "key": "HitAnimation"
            },
            {
                "url": [
                    "assets/audio/sfx/hurt.mp3"
                ],
                "type": "audio",
                "key": "hurt"
            },
            {
                "url": "assets/iniBg.png",
                "type": "image",
                "key": "iniBg"
            },
            {
                "url": "src/scenes/Inicio.js",
                "type": "sceneFile",
                "key": "Inicio"
            },
            {
                "url": "assets/jugarBtn.png",
                "type": "image",
                "key": "jugarBtn"
            },
            {
                "url": [
                    "assets/audio/sfx/kraken_shot.mp3"
                ],
                "type": "audio",
                "key": "kraken_shot"
            },
            {
                "url": "assets/animations/krakenAnimations.json",
                "type": "animation",
                "key": "krakenAnimations"
            },
            {
                "url": "assets/krakenBullet.png",
                "type": "image",
                "key": "krakenBullet"
            },
            {
                "url": "src/prefabs/KrakenBullet.js",
                "type": "script",
                "key": "KrakenBullet"
            },
            {
                "url": [
                    "assets/audio/sfx/laser_shot.mp3"
                ],
                "type": "audio",
                "key": "laser_shot"
            },
            {
                "url": "assets/mensaje1.png",
                "type": "image",
                "key": "mensaje1"
            },
            {
                "url": "assets/mensaje2.png",
                "type": "image",
                "key": "mensaje2"
            },
            {
                "url": "assets/mensaje3.png",
                "type": "image",
                "key": "mensaje3"
            },
            {
                "url": "assets/mensaje4.png",
                "type": "image",
                "key": "mensaje4"
            },
            {
                "url": "assets/mensaje5.png",
                "type": "image",
                "key": "mensaje5"
            },
            {
                "url": "assets/mensaje6.png",
                "type": "image",
                "key": "mensaje6"
            },
            {
                "url": "src/prefabs/MensajeRandom.js",
                "type": "script",
                "key": "MensajeRandom"
            },
            {
                "url": "assets/messageWindow.png",
                "type": "image",
                "key": "messageWindow"
            },
            {
                "url": [
                    "assets/audio/music/misterio.mp3"
                ],
                "type": "audio",
                "key": "misterio"
            },
            {
                "url": "assets/moon.png",
                "type": "image",
                "key": "moon"
            },
            {
                "url": [
                    "assets/audio/sfx/nuke.mp3"
                ],
                "type": "audio",
                "key": "nuke"
            },
            {
                "url": "src/prefabs/NukeBomb.js",
                "type": "script",
                "key": "NukeBomb"
            },
            {
                "url": "src/prefabs/Oktokraken.js",
                "type": "script",
                "key": "Oktokraken"
            },
            {
                "url": "assets/Oktokraken.png",
                "type": "image",
                "key": "Oktokraken_1"
            },
            {
                "atlasURL": "assets/atlas/OktokrakenPlayer.json",
                "textureURL": "assets/atlas/OktokrakenPlayer.png",
                "type": "atlas",
                "key": "OktokrakenPlayer"
            },
            {
                "url": "assets/onLogo.png",
                "type": "image",
                "key": "onLogo"
            },
            {
                "url": [
                    "src/scenes/ParticleQuito.js"
                ],
                "type": "scripts",
                "key": "ParticleQuito"
            },
            {
                "url": "assets/particles.png",
                "type": "image",
                "key": "particles"
            },
            {
                "url": "assets/PatoAlarcon.png",
                "type": "image",
                "key": "PatoAlarcon"
            },
            {
                "url": "assets/patoFlying.png",
                "type": "image",
                "key": "patoFlying"
            },
            {
                "url": "assets/PatoOnJet.png",
                "type": "image",
                "key": "PatoOnJet"
            },
            {
                "url": "assets/patoTitle.png",
                "type": "image",
                "key": "patoTitle"
            },
            {
                "url": [
                    "src/prefabs/Player.js"
                ],
                "type": "scripts",
                "key": "Player"
            },
            {
                "atlasURL": "assets/atlas/playerAnimations.json",
                "textureURL": "assets/atlas/playerAnimations.png",
                "type": "atlas",
                "key": "playerAnimations"
            },
            {
                "url": "assets/animations/PlayerAnimations.json",
                "type": "animation",
                "key": "PlayerAnimations"
            },
            {
                "url": "assets/playerPato.png",
                "type": "image",
                "key": "playerPato"
            },
            {
                "url": "assets/powerUp.png",
                "type": "image",
                "key": "powerUp"
            },
            {
                "url": [
                    "src/prefabs/PowerUp.js"
                ],
                "type": "scripts",
                "key": "PowerUp"
            },
            {
                "atlasURL": "assets/atlas/propsNew.json",
                "textureURL": "assets/atlas/propsNew.png",
                "type": "atlas",
                "key": "propsNew"
            },
            {
                "url": [
                    "assets/audio/sfx/pwrup01.mp3"
                ],
                "type": "audio",
                "key": "pwrup01"
            },
            {
                "url": [
                    "assets/audio/sfx/pwrup02.mp3"
                ],
                "type": "audio",
                "key": "pwrup02"
            },
            {
                "url": "assets/rejugarBtn.png",
                "type": "image",
                "key": "rejugarBtn"
            },
            {
                "url": "assets/shareBtn.png",
                "type": "image",
                "key": "shareBtn"
            },
            {
                "url": [
                    "src/prefabs/Shield.js"
                ],
                "type": "scripts",
                "key": "Shield"
            },
            {
                "url": [
                    "assets/audio/sfx/shield_up.mp3"
                ],
                "type": "audio",
                "key": "shield_up"
            },
            {
                "url": "assets/ShieldImg.png",
                "type": "image",
                "key": "ShieldImg"
            },
            {
                "url": [
                    "src/prefabs/ShipShield.js"
                ],
                "type": "scripts",
                "key": "ShipShield"
            },
            {
                "atlasURL": "assets/animations/slime.json",
                "textureURL": "assets/animations/slime.png",
                "type": "atlas",
                "key": "slime"
            },
            {
                "url": [
                    "assets/audio/music/splash_screen.mp3"
                ],
                "type": "audio",
                "key": "splash_screen"
            },
            {
                "url": [
                    "assets/audio/sfx/tentacle01.mp3"
                ],
                "type": "audio",
                "key": "tentacle01"
            },
            {
                "url": "assets/textoHistoria.png",
                "type": "image",
                "key": "textoHistoria"
            },
            {
                "url": [
                    "assets/audio/sfx/travel.mp3"
                ],
                "type": "audio",
                "key": "travel"
            },
            {
                "url": [
                    "assets/audio/music/youwin01.mp3"
                ],
                "type": "audio",
                "key": "youwin01"
            }
        ]
    },
    "meta": {
        "app": "Phaser Editor 2D - Asset Pack Editor",
        "contentType": "phasereditor2d.pack.core.AssetContentType",
        "url": "https://phasereditor2d.com",
        "version": 2,
        "showAllFilesInBlocks": false
    }
}