{
    "anims": [
        {
            "key": "explosion1",
            "type": "frame",
            "frames": [
                {
                    "key": "explosion",
                    "frame": "EXP_01.png",
                    "duration": 0,
                    "keyframe": false
                },
                {
                    "key": "explosion",
                    "frame": "EXP_02.png",
                    "duration": 0,
                    "keyframe": false
                },
                {
                    "key": "explosion",
                    "frame": "EXP_03.png",
                    "duration": 0,
                    "keyframe": false
                },
                {
                    "key": "explosion",
                    "frame": "EXP_04.png",
                    "duration": 0,
                    "keyframe": false
                },
                {
                    "key": "explosion",
                    "frame": "EXP_05.png",
                    "duration": 0,
                    "keyframe": false
                },
                {
                    "key": "explosion",
                    "frame": "EXP_06.png",
                    "duration": 0,
                    "keyframe": false
                },
                {
                    "key": "explosion",
                    "frame": "EXP_07.png",
                    "duration": 0,
                    "keyframe": false
                },
                {
                    "key": "explosion",
                    "frame": "EXP_08.png",
                    "duration": 0,
                    "keyframe": false
                },
                {
                    "key": "explosion",
                    "frame": "EXP_09.png",
                    "duration": 0,
                    "keyframe": false
                },
                {
                    "key": "explosion",
                    "frame": "EXP_10.png",
                    "duration": 0,
                    "keyframe": false
                }
            ],
            "frameRate": 32,
            "skipMissedFrames": true,
            "showOnStart": true,
            "hideOnComplete": true
        },
        {
            "key": "hit1",
            "type": "frame",
            "frames": [
                {
                    "key": "playerAnimations",
                    "frame": "hit10000",
                    "duration": 0,
                    "keyframe": false
                },
                {
                    "key": "playerAnimations",
                    "frame": "hit10001",
                    "duration": 0,
                    "keyframe": false
                },
                {
                    "key": "playerAnimations",
                    "frame": "hit10002",
                    "duration": 0,
                    "keyframe": false
                },
                {
                    "key": "playerAnimations",
                    "frame": "hit10003",
                    "duration": 0,
                    "keyframe": false
                },
                {
                    "key": "playerAnimations",
                    "frame": "hit10004",
                    "duration": 0,
                    "keyframe": false
                }
            ],
            "frameRate": 24,
            "skipMissedFrames": true,
            "showOnStart": true,
            "hideOnComplete": true
        },
        {
            "key": "hit2",
            "type": "frame",
            "frames": [
                {
                    "key": "playerAnimations",
                    "frame": "hit30000",
                    "duration": 0,
                    "keyframe": false
                },
                {
                    "key": "playerAnimations",
                    "frame": "hit30001",
                    "duration": 0,
                    "keyframe": false
                },
                {
                    "key": "playerAnimations",
                    "frame": "hit30002",
                    "duration": 0,
                    "keyframe": false
                },
                {
                    "key": "playerAnimations",
                    "frame": "hit30003",
                    "duration": 0,
                    "keyframe": false
                },
                {
                    "key": "playerAnimations",
                    "frame": "hit30004",
                    "duration": 0,
                    "keyframe": false
                },
                {
                    "key": "playerAnimations",
                    "frame": "hit30005",
                    "duration": 0,
                    "keyframe": false
                },
                {
                    "key": "playerAnimations",
                    "frame": "hit30006",
                    "duration": 0,
                    "keyframe": false
                }
            ],
            "frameRate": 24,
            "skipMissedFrames": true,
            "showOnStart": true,
            "hideOnComplete": true
        },
        {
            "key": "GameOver",
            "type": "frame",
            "frames": [
                {
                    "key": "explosion",
                    "frame": "GameOverpng00.png",
                    "duration": 0,
                    "keyframe": false
                },
                {
                    "key": "explosion",
                    "frame": "GameOverpng01.png",
                    "duration": 0,
                    "keyframe": false
                },
                {
                    "key": "explosion",
                    "frame": "GameOverpng02.png",
                    "duration": 0,
                    "keyframe": false
                },
                {
                    "key": "explosion",
                    "frame": "GameOverpng03.png",
                    "duration": 0,
                    "keyframe": false
                },
                {
                    "key": "explosion",
                    "frame": "GameOverpng04.png",
                    "duration": 0,
                    "keyframe": false
                },
                {
                    "key": "explosion",
                    "frame": "GameOverpng05.png",
                    "duration": 0,
                    "keyframe": false
                },
                {
                    "key": "explosion",
                    "frame": "GameOverpng06.png",
                    "duration": 0,
                    "keyframe": false
                },
                {
                    "key": "explosion",
                    "frame": "GameOverpng07.png",
                    "duration": 0,
                    "keyframe": false
                },
                {
                    "key": "explosion",
                    "frame": "GameOverpng08.png",
                    "duration": 0,
                    "keyframe": false
                },
                {
                    "key": "explosion",
                    "frame": "GameOverpng09.png",
                    "duration": 0,
                    "keyframe": false
                },
                {
                    "key": "explosion",
                    "frame": "GameOverpng10.png",
                    "duration": 0,
                    "keyframe": false
                },
                {
                    "key": "explosion",
                    "frame": "GameOverpng11.png",
                    "duration": 0,
                    "keyframe": false
                },
                {
                    "key": "explosion",
                    "frame": "GameOverpng12.png",
                    "duration": 0,
                    "keyframe": false
                },
                {
                    "key": "explosion",
                    "frame": "GameOverpng13.png",
                    "duration": 0,
                    "keyframe": false
                },
                {
                    "key": "explosion",
                    "frame": "GameOverpng14.png",
                    "duration": 0,
                    "keyframe": false
                },
                {
                    "key": "explosion",
                    "frame": "GameOverpng15.png",
                    "duration": 0,
                    "keyframe": false
                },
                {
                    "key": "explosion",
                    "frame": "GameOverpng16.png",
                    "duration": 0,
                    "keyframe": false
                },
                {
                    "key": "explosion",
                    "frame": "GameOverpng17.png",
                    "duration": 0,
                    "keyframe": false
                },
                {
                    "key": "explosion",
                    "frame": "GameOverpng18.png",
                    "duration": 0,
                    "keyframe": false
                },
                {
                    "key": "explosion",
                    "frame": "GameOverpng19.png",
                    "duration": 0,
                    "keyframe": false
                },
                {
                    "key": "explosion",
                    "frame": "GameOverpng20.png",
                    "duration": 0,
                    "keyframe": false
                },
                {
                    "key": "explosion",
                    "frame": "GameOverpng21.png",
                    "duration": 0,
                    "keyframe": false
                },
                {
                    "key": "explosion",
                    "frame": "GameOverpng22.png",
                    "duration": 0,
                    "keyframe": false
                },
                {
                    "key": "explosion",
                    "frame": "GameOverpng23.png",
                    "duration": 0,
                    "keyframe": false
                },
                {
                    "key": "explosion",
                    "frame": "GameOverpng24.png",
                    "duration": 0,
                    "keyframe": false
                },
                {
                    "key": "explosion",
                    "frame": "GameOverpng25.png",
                    "duration": 0,
                    "keyframe": false
                },
                {
                    "key": "explosion",
                    "frame": "GameOverpng26.png",
                    "duration": 0,
                    "keyframe": false
                },
                {
                    "key": "explosion",
                    "frame": "GameOverpng27.png",
                    "duration": 0,
                    "keyframe": false
                },
                {
                    "key": "explosion",
                    "frame": "GameOverpng28.png",
                    "duration": 0,
                    "keyframe": false
                },
                {
                    "key": "explosion",
                    "frame": "GameOverpng29.png",
                    "duration": 0,
                    "keyframe": false
                }
            ],
            "frameRate": 24,
            "skipMissedFrames": true,
            "repeat": 1,
            "showOnStart": true,
            "hideOnComplete": true
        },
        {
            "key": "hit3",
            "type": "frame",
            "frames": [
                {
                    "key": "playerAnimations",
                    "frame": "explotion instancia 10000",
                    "duration": 0,
                    "keyframe": false
                },
                {
                    "key": "playerAnimations",
                    "frame": "explotion instancia 10001",
                    "duration": 0,
                    "keyframe": false
                },
                {
                    "key": "playerAnimations",
                    "frame": "explotion instancia 10002",
                    "duration": 0,
                    "keyframe": false
                },
                {
                    "key": "playerAnimations",
                    "frame": "explotion instancia 10003",
                    "duration": 0,
                    "keyframe": false
                },
                {
                    "key": "playerAnimations",
                    "frame": "explotion instancia 10004",
                    "duration": 0,
                    "keyframe": false
                },
                {
                    "key": "playerAnimations",
                    "frame": "explotion instancia 10005",
                    "duration": 0,
                    "keyframe": false
                },
                {
                    "key": "playerAnimations",
                    "frame": "explotion instancia 10006",
                    "duration": 0,
                    "keyframe": false
                },
                {
                    "key": "playerAnimations",
                    "frame": "explotion instancia 10007",
                    "duration": 0,
                    "keyframe": false
                },
                {
                    "key": "playerAnimations",
                    "frame": "explotion instancia 10008",
                    "duration": 0,
                    "keyframe": false
                },
                {
                    "key": "playerAnimations",
                    "frame": "explotion instancia 10009",
                    "duration": 0,
                    "keyframe": false
                },
                {
                    "key": "playerAnimations",
                    "frame": "explotion instancia 10010",
                    "duration": 0,
                    "keyframe": false
                },
                {
                    "key": "playerAnimations",
                    "frame": "explotion instancia 10011",
                    "duration": 0,
                    "keyframe": false
                },
                {
                    "key": "playerAnimations",
                    "frame": "explotion instancia 10012",
                    "duration": 0,
                    "keyframe": false
                }
            ],
            "frameRate": 24,
            "skipMissedFrames": true,
            "repeat": -1,
            "hideOnComplete": true
        },
        {
            "key": "slime",
            "type": "frame",
            "frames": [
                {
                    "key": "slime",
                    "frame": "pink_ball_01.png",
                    "duration": 0,
                    "keyframe": false
                },
                {
                    "key": "slime",
                    "frame": "pink_ball_02.png",
                    "duration": 0,
                    "keyframe": false
                },
                {
                    "key": "slime",
                    "frame": "pink_ball_03.png",
                    "duration": 0,
                    "keyframe": false
                },
                {
                    "key": "slime",
                    "frame": "pink_ball_04.png",
                    "duration": 0,
                    "keyframe": false
                }
            ],
            "frameRate": 12,
            "skipMissedFrames": true,
            "repeat": -1
        },
        {
            "key": "fireworks",
            "type": "frame",
            "frames": [
                {
                    "key": "slime",
                    "frame": "firework_2_01.png",
                    "duration": 0,
                    "keyframe": false
                },
                {
                    "key": "slime",
                    "frame": "firework_2_02.png",
                    "duration": 0,
                    "keyframe": false
                },
                {
                    "key": "slime",
                    "frame": "firework_2_03.png",
                    "duration": 0,
                    "keyframe": false
                },
                {
                    "key": "slime",
                    "frame": "firework_2_04.png",
                    "duration": 0,
                    "keyframe": false
                },
                {
                    "key": "slime",
                    "frame": "firework_2_05.png",
                    "duration": 0,
                    "keyframe": false
                },
                {
                    "key": "slime",
                    "frame": "firework_2_06.png",
                    "duration": 0,
                    "keyframe": false
                },
                {
                    "key": "slime",
                    "frame": "firework_2_07.png",
                    "duration": 0,
                    "keyframe": false
                },
                {
                    "key": "slime",
                    "frame": "firework_2_08.png",
                    "duration": 0,
                    "keyframe": false
                },
                {
                    "key": "slime",
                    "frame": "firework_2_09.png",
                    "duration": 0,
                    "keyframe": false
                }
            ],
            "frameRate": 12,
            "skipMissedFrames": true,
            "hideOnComplete": true
        },
        {
            "key": "bigExplode",
            "type": "frame",
            "frames": [
                {
                    "key": "explotion2",
                    "frame": "01.png",
                    "duration": 0,
                    "keyframe": false
                },
                {
                    "key": "explotion2",
                    "frame": "02.png",
                    "duration": 0,
                    "keyframe": false
                },
                {
                    "key": "explotion2",
                    "frame": "03.png",
                    "duration": 0,
                    "keyframe": false
                },
                {
                    "key": "explotion2",
                    "frame": "04.png",
                    "duration": 0,
                    "keyframe": false
                },
                {
                    "key": "explotion2",
                    "frame": "05.png",
                    "duration": 0,
                    "keyframe": false
                },
                {
                    "key": "explotion2",
                    "frame": "06.png",
                    "duration": 0,
                    "keyframe": false
                },
                {
                    "key": "explotion2",
                    "frame": "07.png",
                    "duration": 0,
                    "keyframe": false
                },
                {
                    "key": "explotion2",
                    "frame": "08.png",
                    "duration": 0,
                    "keyframe": false
                },
                {
                    "key": "explotion2",
                    "frame": "09.png",
                    "duration": 0,
                    "keyframe": false
                },
                {
                    "key": "explotion2",
                    "frame": "10.png",
                    "duration": 0,
                    "keyframe": false
                },
                {
                    "key": "explotion2",
                    "frame": "11.png",
                    "duration": 0,
                    "keyframe": false
                }
            ],
            "frameRate": 32,
            "skipMissedFrames": true,
            "hideOnComplete": true
        },
        {
            "key": "nuke",
            "type": "frame",
            "frames": [
                {
                    "key": "explodeFinal",
                    "frame": "slice1.png",
                    "duration": 0,
                    "keyframe": false
                },
                {
                    "key": "explodeFinal",
                    "frame": "slice10.png",
                    "duration": 0,
                    "keyframe": false
                },
                {
                    "key": "explodeFinal",
                    "frame": "slice11.png",
                    "duration": 0,
                    "keyframe": false
                },
                {
                    "key": "explodeFinal",
                    "frame": "slice12.png",
                    "duration": 0,
                    "keyframe": false
                },
                {
                    "key": "explodeFinal",
                    "frame": "slice13.png",
                    "duration": 0,
                    "keyframe": false
                },
                {
                    "key": "explodeFinal",
                    "frame": "slice14.png",
                    "duration": 0,
                    "keyframe": false
                },
                {
                    "key": "explodeFinal",
                    "frame": "slice2.png",
                    "duration": 0,
                    "keyframe": false
                },
                {
                    "key": "explodeFinal",
                    "frame": "slice3.png",
                    "duration": 0,
                    "keyframe": false
                },
                {
                    "key": "explodeFinal",
                    "frame": "slice4.png",
                    "duration": 0,
                    "keyframe": false
                },
                {
                    "key": "explodeFinal",
                    "frame": "slice5.png",
                    "duration": 0,
                    "keyframe": false
                },
                {
                    "key": "explodeFinal",
                    "frame": "slice6.png",
                    "duration": 0,
                    "keyframe": false
                },
                {
                    "key": "explodeFinal",
                    "frame": "slice7.png",
                    "duration": 0,
                    "keyframe": false
                },
                {
                    "key": "explodeFinal",
                    "frame": "slice8.png",
                    "duration": 0,
                    "keyframe": false
                },
                {
                    "key": "explodeFinal",
                    "frame": "slice9.png",
                    "duration": 0,
                    "keyframe": false
                }
            ],
            "frameRate": 12,
            "skipMissedFrames": true,
            "yoyo": true,
            "hideOnComplete": true
        }
    ],
    "globalTimeScale": 1,
    "meta": {
        "app": "Phaser Editor 2D v3",
        "contentType": "Phaser v3 Animations"
    }
}