{"frames": [

{
	"filename": "firework_red0.png",
	"frame": {"x":42,"y":26,"w":14,"h":14},
	"rotated": false,
	"trimmed": true,
	"spriteSourceSize": {"x":13,"y":13,"w":14,"h":14},
	"sourceSize": {"w":40,"h":40}
},
{
	"filename": "firework_red1.png",
	"frame": {"x":67,"y":1,"w":10,"h":10},
	"rotated": false,
	"trimmed": true,
	"spriteSourceSize": {"x":15,"y":15,"w":10,"h":10},
	"sourceSize": {"w":40,"h":40}
},
{
	"filename": "firework_red2.png",
	"frame": {"x":67,"y":21,"w":8,"h":8},
	"rotated": false,
	"trimmed": true,
	"spriteSourceSize": {"x":16,"y":16,"w":8,"h":8},
	"sourceSize": {"w":40,"h":40}
},
{
	"filename": "firework_red3.png",
	"frame": {"x":67,"y":12,"w":8,"h":8},
	"rotated": false,
	"trimmed": true,
	"spriteSourceSize": {"x":16,"y":16,"w":8,"h":8},
	"sourceSize": {"w":40,"h":40}
},
{
	"filename": "firework_red4.png",
	"frame": {"x":42,"y":1,"w":24,"h":24},
	"rotated": false,
	"trimmed": true,
	"spriteSourceSize": {"x":8,"y":8,"w":24,"h":24},
	"sourceSize": {"w":40,"h":40}
},
{
	"filename": "firework_red5.png",
	"frame": {"x":40,"y":42,"w":36,"h":36},
	"rotated": false,
	"trimmed": true,
	"spriteSourceSize": {"x":2,"y":2,"w":36,"h":36},
	"sourceSize": {"w":40,"h":40}
},
{
	"filename": "firework_red6.png",
	"frame": {"x":1,"y":1,"w":40,"h":40},
	"rotated": false,
	"trimmed": false,
	"spriteSourceSize": {"x":0,"y":0,"w":40,"h":40},
	"sourceSize": {"w":40,"h":40}
},
{
	"filename": "firework_red7.png",
	"frame": {"x":1,"y":42,"w":38,"h":38},
	"rotated": false,
	"trimmed": true,
	"spriteSourceSize": {"x":1,"y":1,"w":38,"h":38},
	"sourceSize": {"w":40,"h":40}
}],
"meta": {
	"app": "http://www.codeandweb.com/texturepacker ",
	"version": "1.0",
	"image": "fireworks.png",
	"format": "RGBA8888",
	"size": {"w":81,"h":81},
	"scale": "1",
	"smartupdate": "$TexturePacker:SmartUpdate:319479e0e62683eb42e67a0cd8bf674f:7dee8c4951ccf173cba832d6f6dc563c:09f03cad1ac716f1bab556a36bf297b7$"
}
}
