{
    "anims": [
        {
            "key": "idlePlayer",
            "type": "frame",
            "frames": [
                {
                    "key": "OktokrakenPlayer",
                    "frame": "idlePlayer instancia 10000",
                    "duration": 0,
                    "keyframe": false
                },
                {
                    "key": "OktokrakenPlayer",
                    "frame": "idlePlayer instancia 10001",
                    "duration": 0,
                    "keyframe": false
                },
                {
                    "key": "OktokrakenPlayer",
                    "frame": "idlePlayer instancia 10002",
                    "duration": 0,
                    "keyframe": false
                }
            ],
            "frameRate": 24,
            "skipMissedFrames": true,
            "repeat": -1
        },
        {
            "key": "firePlayer",
            "type": "frame",
            "frames": [
                {
                    "key": "OktokrakenPlayer",
                    "frame": "firing instancia 10000",
                    "duration": 0,
                    "keyframe": false
                },
                {
                    "key": "OktokrakenPlayer",
                    "frame": "firing instancia 10001",
                    "duration": 0,
                    "keyframe": false
                },
                {
                    "key": "OktokrakenPlayer",
                    "frame": "firing instancia 10002",
                    "duration": 0,
                    "keyframe": false
                }
            ],
            "frameRate": 24,
            "skipMissedFrames": true,
            "repeat": -1
        },
        {
            "key": "playerHurt",
            "type": "frame",
            "frames": [
                {
                    "key": "OktokrakenPlayer",
                    "frame": "hurt0000",
                    "duration": 0,
                    "keyframe": false
                },
                {
                    "key": "OktokrakenPlayer",
                    "frame": "hurt0001",
                    "duration": 0,
                    "keyframe": false
                },
                {
                    "key": "OktokrakenPlayer",
                    "frame": "hurt0002",
                    "duration": 0,
                    "keyframe": false
                }
            ],
            "frameRate": 24,
            "skipMissedFrames": true,
            "repeat": -1
        }
    ],
    "globalTimeScale": 1,
    "meta": {
        "app": "Phaser Editor 2D v3",
        "contentType": "Phaser v3 Animations"
    }
}